epoch,train_l1,train_loss,val_l1,val_psnr,lr
1,0.06993141084125168,0.7339939459374076,0.05366068333387375,30.03300257974864,0.0
